pp number,Question 1,Question 2,Question 3,Question 4,Question 5,Question 6,Question 7,Question 8,Question 9,Question 10,Question 11,Question 12,Question 13,Question 14,Question 15,Question 16,Question 17,Question 18,Question 19,Question 20,Question 21,year,gender,age
1,2,0,2,2,2,2,2,2,1,1,3,3,1,0,1,1,3,0,3,0,3,2020,male,19
2,1,1,0,0,0,0,1,1,0,0,1,2,1,0,0,0,0,0,1,0,0,2020,female,19
3,0,1,0,1,1,0,0,0,0,1,0,0,0,1,0,1,0,0,0,0,0,2020,female,19
4,1,2,1,0,1,1,0,1,0,0,1,1,1,0,1,1,0,1,0,0,0,2020,female,23
5,1,1,0,0,1,3,2,3,3,1,3,2,1,0,3,1,3,2,0,1,0,2020,female,18
6,1,0,0,0,0,0,0,1,0,0,0,0,0,0,0,0,0,0,0,1,0,2020,female,19
7,3,1,2,2,2,2,0,3,3,1,2,2,2,1,3,1,1,0,0,3,0,2020,female,19
8,2,2,0,0,1,2,0,1,0,1,1,1,2,0,0,0,0,0,0,0,0,2020,female,19
9,2,1,1,0,1,2,0,1,1,0,2,2,1,1,0,0,1,2,0,0,0,2020,female,19
10,1,0,0,1,0,1,1,1,1,0,1,1,1,0,1,0,0,0,1,1,1,2020,female,19
11,3,0,0,2,3,3,0,2,2,2,2,2,1,1,2,1,0,2,0,1,0,2020,female,18
12,1,1,0,0,1,1,0,1,1,0,0,2,0,1,1,0,2,1,0,0,0,2020,female,20
13,0,1,0,0,0,0,0,0,0,0,0,0,1,0,0,0,0,0,0,0,0,2020,female,19
14,1,0,1,0,1,1,1,1,0,1,1,1,1,0,1,1,1,2,1,0,0,2020,female,20
15,1,0,1,0,2,1,0,2,1,3,1,0,1,1,0,1,0,0,0,0,0,2020,female,19
16,1,0,1,0,1,0,0,1,0,0,0,0,1,0,0,1,1,0,3,0,0,2020,male,19
17,1,0,0,0,2,1,0,1,1,1,0,1,2,0,1,1,1,0,0,1,0,2020,female,18
18,2,1,0,1,2,0,1,2,2,0,1,1,1,2,1,0,1,1,1,0,0,2020,female,19
19,1,3,0,1,1,2,1,2,2,0,2,1,1,1,2,0,1,2,2,1,1,2020,female,20
20,1,1,0,0,1,1,1,1,0,0,1,0,1,1,0,0,0,2,0,0,0,2020,female,22
21,1,0,0,0,1,2,0,2,2,1,1,1,2,0,1,0,3,0,0,2,2,2020,female,18
22,0,0,0,0,0,0,0,1,0,0,0,0,0,0,0,0,0,0,0,0,0,2020,female,19
23,0,0,0,0,0,1,0,2,2,0,1,0,1,1,1,0,1,0,0,0,0,2020,female,18
24,1,2,0,2,0,3,0,2,3,2,3,3,1,3,3,0,3,3,3,3,3,2020,female,21
25,1,1,0,0,0,0,0,0,0,0,1,0,0,0,0,0,0,1,0,0,0,2020,female,19
26,1,0,0,0,0,1,0,1,0,0,1,1,0,0,1,0,0,1,0,0,0,2020,female,19
27,1,1,0,0,1,0,1,0,0,0,0,1,0,0,1,0,0,0,1,0,0,2020,female,19
28,3,0,1,0,0,2,0,2,2,0,1,1,0,1,0,0,0,0,0,0,0,2020,female,20
29,1,0,3,0,1,2,1,1,3,2,1,1,3,2,1,2,2,2,1,3,1,2020,female,18
30,0,0,0,0,1,1,0,1,1,0,0,0,0,0,1,0,0,0,0,0,0,2020,female,20
31,0,1,0,1,0,1,0,0,0,0,1,0,0,0,0,0,0,0,0,1,0,2020,female,20
32,1,0,0,0,1,1,0,1,0,0,1,1,1,0,0,0,0,1,0,0,0,2020,female,18
33,1,1,1,1,1,1,0,1,2,0,2,2,1,0,2,0,2,0,0,0,1,2020,female,19
34,2,0,1,0,0,2,0,1,0,1,1,2,0,0,0,0,1,0,1,1,0,2020,female,20
35,0,1,1,0,1,1,1,0,1,1,1,1,1,0,2,0,1,0,0,0,1,2020,female,19
36,2,0,0,0,1,2,0,0,1,0,0,1,0,0,0,0,0,0,0,0,0,2020,female,20
37,1,0,0,0,0,0,1,1,0,0,1,2,1,0,0,0,0,0,0,0,0,2020,female,19
38,1,1,0,0,0,1,0,1,0,0,2,1,0,0,1,0,0,1,0,0,0,2020,female,19
39,2,1,1,1,3,3,2,2,3,3,3,3,3,2,1,1,1,0,0,2,1,2020,female,18
40,1,2,0,0,0,1,0,0,3,0,1,0,1,1,0,0,0,2,0,0,0,2020,female,19
41,1,0,0,0,2,2,0,0,1,1,1,0,1,1,0,1,0,1,0,0,0,2020,female,19
42,1,0,2,0,1,0,0,1,1,2,0,1,2,0,1,0,2,0,1,0,1,2020,female,19
43,2,1,0,0,1,0,1,2,2,0,0,1,0,0,0,0,0,0,0,0,0,2020,male,18
44,1,3,0,1,0,3,1,1,1,0,3,1,1,3,1,0,0,3,0,1,0,2020,female,20
45,1,3,1,1,1,3,0,1,2,0,1,2,1,1,2,0,0,0,0,1,0,2020,female,19
46,1,1,0,1,1,0,1,2,3,1,0,1,0,1,1,2,1,0,1,0,0,2020,female,20
47,1,2,0,1,1,1,1,0,0,0,1,2,0,1,0,0,0,0,1,1,0,2020,female,19
48,0,1,1,0,1,2,0,0,1,0,2,0,0,3,0,1,1,1,0,0,0,2020,male,18
49,0,0,0,0,1,0,0,0,0,0,0,0,0,0,0,0,0,0,0,0,0,2020,female,18
50,1,0,1,0,0,1,0,0,0,0,1,1,1,1,0,0,1,0,0,0,0,2020,male,20
51,0,0,1,0,1,1,0,0,1,1,1,0,0,1,0,0,0,1,0,0,0,2020,female,19
52,0,1,0,0,1,0,0,0,0,0,0,0,0,0,0,0,0,0,0,0,0,2020,male,19
53,0,0,0,1,1,2,1,0,2,0,2,1,1,1,1,0,0,0,0,0,0,2020,female,21
54,0,0,0,0,0,0,1,1,1,0,2,1,1,0,2,0,0,1,3,2,0,2020,female,19
55,1,1,1,1,1,2,1,2,2,0,2,2,1,1,2,1,2,1,2,1,1,2020,female,19
56,2,2,0,3,1,2,1,2,2,0,1,2,0,0,2,0,1,2,2,2,0,2020,female,19
57,2,1,1,0,1,2,1,2,3,2,2,2,1,1,2,1,1,2,1,2,0,2020,female,19
58,1,0,1,0,1,1,0,2,0,2,0,1,2,0,1,1,1,0,0,0,1,2020,female,19
59,1,0,1,0,1,1,0,0,1,1,1,1,1,1,1,1,1,3,1,1,0,2020,female,19
60,1,0,0,0,0,0,0,0,0,0,0,0,0,0,0,0,0,0,0,0,0,2020,female,19
61,0,0,1,0,3,1,0,1,0,3,1,0,2,0,1,2,1,1,0,0,2,2020,female,19
62,1,0,1,1,1,1,0,1,2,0,1,0,1,1,1,0,0,0,0,0,0,2020,female,18
63,1,1,0,0,1,2,1,1,1,0,2,1,0,0,1,0,0,2,1,0,0,2020,female,19
64,1,0,1,0,0,2,0,2,3,0,3,1,3,0,0,1,0,1,0,1,0,2020,male,19
65,0,0,0,0,0,1,0,0,0,1,1,0,1,0,0,0,0,1,0,0,0,2020,female,19
66,2,0,0,0,1,2,0,2,1,0,1,2,1,1,2,0,0,1,0,1,0,2020,female,19
67,1,1,0,0,0,1,0,0,0,0,0,0,0,0,0,0,0,0,0,0,0,2020,male,19
68,0,1,0,0,2,0,1,0,0,0,0,1,0,0,0,1,0,0,0,0,0,2020,female,20
69,1,1,2,0,1,2,0,2,0,2,2,2,1,0,1,1,0,2,1,1,1,2020,female,19
70,1,0,1,1,1,1,0,2,3,2,0,1,1,0,3,0,0,0,0,3,1,2020,female,18
71,0,1,1,0,1,1,2,2,1,3,1,1,1,0,0,2,0,0,0,0,2,2020,female,19
72,0,1,1,2,0,2,1,2,3,1,2,2,3,1,3,0,3,1,3,0,2,2020,male,20
73,1,1,0,0,1,1,0,2,2,0,1,1,1,0,1,0,0,0,0,0,0,2020,female,18
74,3,0,2,2,2,3,2,3,3,2,3,3,2,3,3,2,2,0,3,3,2,2020,female,19
75,0,2,1,0,1,2,0,1,2,1,1,1,1,0,1,0,0,1,1,0,0,2020,female,19
76,2,1,3,0,1,2,2,1,0,2,3,0,3,2,2,1,2,2,3,1,2,2020,female,19
77,0,0,0,0,1,0,0,0,0,0,0,0,0,0,0,0,0,0,1,0,0,2020,male,25
78,2,2,2,1,1,2,1,2,2,2,2,2,2,2,2,2,1,0,1,2,2,2020,female,19
79,1,0,2,0,1,3,1,2,3,1,2,0,3,1,2,2,2,2,0,1,2,2020,female,19
80,2,3,1,1,2,1,1,2,2,1,1,3,1,1,2,2,2,1,1,1,0,2020,female,19
81,1,0,1,0,1,2,1,1,2,1,2,2,1,1,1,1,1,1,1,1,0,2020,female,20
82,2,0,2,0,3,3,0,3,3,3,3,2,3,0,2,1,3,3,0,1,3,2020,female,20
83,1,0,0,0,1,0,0,1,0,0,1,1,0,0,0,0,0,1,0,0,0,2020,male,21
84,1,0,1,1,0,2,1,2,2,0,2,2,1,0,1,0,1,1,0,1,2,2020,male,18
85,1,1,0,0,1,1,0,1,0,0,0,1,0,1,0,0,0,0,1,0,0,2020,male,20
86,1,1,2,0,3,1,0,1,0,1,1,2,1,1,0,1,1,2,0,0,0,2020,female,20
87,1,0,1,0,1,1,0,0,0,1,1,0,0,0,1,1,0,1,0,0,0,2020,female,22
88,1,0,1,0,2,0,0,0,0,1,0,0,1,0,0,0,0,1,0,0,0,2020,female,19
89,2,1,3,1,3,3,1,2,2,3,2,2,3,0,1,2,2,2,0,1,1,2020,female,18
90,1,1,1,0,1,1,0,0,0,1,2,1,2,0,1,0,0,2,1,0,0,2020,male,19
91,0,0,0,0,0,0,0,0,0,0,0,0,0,0,0,0,0,0,0,0,0,2020,female,20
92,0,2,0,1,1,0,0,0,2,0,0,0,0,0,1,0,0,0,0,1,0,2020,female,19
93,1,0,0,0,0,0,1,0,1,0,0,0,1,0,0,0,0,0,0,0,0,2020,female,27
94,1,1,0,1,2,0,0,0,1,0,1,1,0,0,1,0,0,1,1,0,0,2020,female,19
95,2,0,0,0,1,0,0,1,1,0,0,2,1,0,1,0,0,1,0,1,0,2020,female,19
96,2,0,0,0,1,0,0,1,1,0,0,2,1,0,2,0,0,0,0,1,0,2020,female,19
97,2,3,1,1,1,3,3,1,2,1,1,2,0,1,0,0,1,0,1,0,1,2020,female,18
98,1,2,1,1,2,0,1,1,0,2,1,1,1,0,0,0,0,0,1,0,0,2020,female,19
99,1,0,0,0,2,1,1,1,0,2,1,1,3,1,0,0,0,0,1,1,1,2020,female,19
100,1,0,0,0,0,1,0,1,0,0,1,1,0,0,0,0,0,1,0,0,0,2020,female,19
101,1,0,0,2,3,2,1,3,3,2,2,2,1,0,3,1,1,0,1,2,1,2020,female,19
102,1,2,0,0,0,1,0,1,1,0,1,0,1,2,1,0,0,1,0,1,0,2020,male,19
103,2,1,1,0,2,2,0,1,2,3,2,2,2,1,2,2,2,2,1,1,2,2020,female,18
104,1,1,0,0,2,0,0,1,1,0,2,1,0,0,0,0,0,1,1,0,0,2020,female,19
105,1,1,0,0,2,0,1,1,1,1,1,1,0,0,0,0,0,1,0,0,0,2020,female,19
106,2,2,1,2,2,2,1,3,2,1,1,3,1,1,3,2,0,0,0,3,1,2020,female,18
107,1,0,0,0,1,2,1,0,2,0,0,1,1,0,1,0,1,0,0,1,0,2020,female,19
108,0,0,0,0,0,0,0,0,1,0,0,0,0,0,0,0,0,0,0,0,0,2020,male,24
109,3,3,1,3,0,2,2,2,2,0,3,2,1,2,2,0,0,2,0,0,0,2020,female,19
110,1,0,1,0,1,1,1,0,0,1,0,1,2,0,1,0,2,0,0,1,1,2020,female,18
111,2,3,2,1,2,2,1,2,3,3,2,1,2,2,1,1,1,1,1,2,2,2020,female,19
112,1,1,1,0,1,1,1,1,0,2,1,0,1,0,0,1,2,1,1,0,1,2020,female,18
113,1,0,1,1,1,0,0,1,0,2,0,1,1,0,1,1,0,0,0,0,0,2020,female,19
114,1,0,1,0,1,2,0,1,1,2,1,2,1,2,1,1,1,1,0,1,0,2020,female,20
115,1,1,1,0,1,2,1,2,2,1,1,1,2,2,1,0,2,1,2,1,0,2020,female,19
116,1,2,0,0,1,2,0,2,1,0,1,1,1,1,1,0,0,1,0,1,0,2020,female,20
117,1,0,0,2,0,0,0,0,0,0,0,1,0,0,0,0,0,0,3,0,0,2020,female,19
118,2,0,2,3,0,0,0,2,2,1,1,3,1,0,1,0,1,0,3,0,1,2020,female,19
119,1,2,1,0,1,2,1,1,1,0,1,0,1,0,1,0,0,0,0,0,0,2020,female,18
120,0,1,0,0,0,0,0,1,1,0,0,0,0,1,0,0,0,0,0,0,0,2020,female,18
121,0,2,0,1,1,0,0,0,1,0,0,0,0,0,0,0,0,1,0,0,0,2020,female,18
122,1,1,1,0,1,1,0,1,1,1,0,1,1,0,1,0,0,0,0,0,1,2020,female,19
123,2,3,1,1,0,0,2,1,2,1,0,2,0,1,1,1,0,0,1,1,0,2020,female,19
124,0,0,0,0,0,0,0,0,1,0,0,1,1,1,1,0,1,0,0,0,0,2020,female,19
125,1,0,0,1,2,3,1,1,2,0,2,2,1,1,1,0,1,1,2,0,0,2020,female,20
126,2,0,0,0,0,0,0,1,0,0,1,1,0,1,0,0,0,0,0,0,0,2020,female,19
127,1,0,0,0,1,0,0,1,1,1,1,1,1,0,0,1,1,0,0,0,0,2020,female,18
128,1,1,0,0,1,1,0,0,0,1,1,1,0,2,0,0,0,1,0,0,0,2020,female,19
129,0,1,0,0,1,1,0,0,0,1,1,0,0,0,0,1,0,0,1,0,0,2020,female,19
130,0,0,0,1,0,2,0,0,0,0,1,0,0,0,0,0,0,1,0,0,0,2020,female,19
131,0,3,1,0,2,0,0,0,0,2,0,0,0,0,0,0,0,0,0,0,1,2020,female,19
132,0,1,1,0,1,1,0,0,0,0,1,0,1,0,0,0,0,1,0,0,0,2020,female,18
133,1,0,1,0,0,1,2,2,1,2,0,1,1,0,2,1,0,1,1,1,0,2020,female,19
134,1,1,0,0,2,2,0,0,0,2,2,0,2,2,0,1,1,2,0,0,1,2020,female,20
135,1,0,0,0,1,1,0,1,0,0,1,1,0,0,1,0,0,0,0,0,0,2020,female,18
136,2,1,0,0,1,1,0,1,0,1,1,2,1,0,0,0,0,1,0,0,0,2020,female,19
137,1,2,0,1,1,1,1,2,1,0,1,1,0,0,0,1,0,1,1,0,0,2020,female,19
138,1,3,1,0,1,3,1,1,3,2,2,1,1,1,1,1,2,2,0,1,2,2020,female,21
139,1,0,0,0,0,0,0,0,1,0,1,0,0,0,0,0,0,0,0,0,0,2020,female,19
140,2,3,3,2,3,3,0,3,3,3,3,1,3,3,2,3,3,3,0,3,3,2020,female,20
141,2,3,0,1,1,0,2,3,0,0,3,3,2,0,3,0,2,3,3,2,0,2020,male,18
142,2,1,1,0,2,0,0,1,0,2,0,1,3,0,0,1,0,0,0,0,1,2020,female,19
143,1,2,0,0,1,0,1,0,0,0,0,0,0,1,0,0,0,0,0,0,0,2020,female,19
144,1,1,1,0,1,0,0,1,0,1,1,1,1,1,0,1,0,0,1,0,1,2020,female,24
145,2,3,1,2,3,2,1,1,1,3,2,2,3,0,1,0,1,0,3,3,3,2020,female,18
146,0,0,0,1,1,0,1,0,0,0,0,0,0,0,0,0,0,1,1,0,0,2020,female,19
147,1,0,0,0,0,0,0,0,0,0,0,1,0,0,0,0,0,0,0,0,0,2020,female,21
148,0,0,1,0,0,1,0,1,1,0,1,0,0,1,1,0,0,0,0,0,0,2020,male,19
149,1,0,1,1,1,0,0,3,2,2,0,1,3,1,2,0,1,0,1,2,0,2020,female,21
150,0,0,2,3,3,2,0,0,0,1,1,2,3,1,2,2,0,1,0,0,3,2020,female,18
151,1,1,0,0,2,1,0,0,0,0,2,1,1,0,0,1,0,0,0,0,0,2020,female,19
152,2,1,1,1,2,3,0,2,1,1,1,3,3,0,3,2,3,3,1,2,1,2020,female,21
153,0,1,1,0,2,1,0,0,2,1,0,0,1,0,0,0,0,0,0,0,0,2020,female,18
154,1,1,1,1,1,1,0,2,2,0,3,2,1,1,1,0,0,1,1,0,0,2020,female,19
155,1,0,0,0,1,1,0,0,1,0,1,0,0,0,0,0,0,1,0,1,0,2020,female,19
156,0,0,0,0,1,1,0,0,0,1,1,0,1,0,0,0,0,0,0,0,0,2020,female,18
157,0,0,0,0,0,1,0,0,0,0,1,0,0,0,0,0,0,1,0,0,0,2020,female,19
158,1,2,1,0,1,0,0,0,0,1,1,0,1,0,0,1,0,0,1,0,0,2020,female,20
159,1,0,0,0,1,1,0,1,2,0,1,0,1,0,0,0,0,2,0,0,0,2020,female,19
160,1,0,0,0,0,0,0,0,0,0,0,0,0,0,0,0,0,1,1,0,0,2020,female,19
161,0,1,0,0,0,0,0,0,0,0,0,0,0,0,0,0,0,0,0,0,0,2020,female,18
162,0,1,0,1,2,1,0,0,0,0,0,0,0,0,0,0,0,1,0,0,0,2020,female,20
163,0,0,0,1,2,0,0,1,1,0,0,0,0,0,0,0,0,0,1,0,0,2020,female,18
164,2,3,1,0,2,3,2,2,1,2,1,2,2,0,3,2,1,2,0,1,1,2020,female,20
165,0,0,0,0,0,0,0,0,0,0,0,0,0,0,0,0,0,0,1,0,0,2020,male,19
166,3,2,0,0,3,3,3,3,3,3,3,3,1,1,3,1,3,0,0,3,3,2020,Other,19
167,1,0,1,0,0,0,0,0,1,1,0,0,0,1,0,1,0,0,1,0,1,2020,female,20
168,1,1,0,0,1,0,0,0,0,1,0,0,0,2,0,0,0,0,1,0,0,2020,male,18
169,1,3,1,1,2,0,0,1,1,3,2,0,2,1,1,2,0,2,1,0,0,2020,female,19
170,2,3,0,0,1,1,0,1,0,1,0,0,1,0,1,0,0,0,0,0,0,2020,female,19
171,0,2,0,0,0,0,0,0,0,0,0,0,0,0,0,0,0,0,0,0,0,2020,female,19
172,1,0,2,1,3,1,0,3,2,2,1,0,2,0,1,2,3,1,1,2,2,2020,female,18
173,2,0,1,1,2,0,0,2,1,2,0,2,2,0,1,1,0,0,0,1,1,2020,female,19
174,1,0,0,0,1,0,0,1,1,0,0,1,1,0,1,1,0,0,0,0,0,2020,female,18
175,3,0,2,2,3,2,1,0,3,3,2,2,3,0,1,0,3,0,1,1,2,2020,female,18
176,1,0,0,0,0,0,0,0,0,0,1,0,0,0,0,0,0,0,0,0,0,2020,female,18
177,1,0,0,0,1,1,0,1,1,0,1,2,1,0,2,0,0,0,0,1,0,2020,female,19
178,0,0,1,0,0,1,0,0,0,0,0,1,1,0,0,0,1,0,0,0,0,2020,male,18
179,3,1,2,0,2,1,2,3,3,1,2,2,2,1,1,1,1,1,1,0,1,2020,female,19
180,1,0,1,2,3,1,1,1,2,0,2,2,3,1,1,1,1,1,0,0,1,2020,N/A,18
181,2,1,1,0,0,1,1,1,0,0,1,0,1,2,0,0,0,1,0,0,0,2020,female,19
182,3,1,2,3,3,2,0,3,3,3,3,2,3,1,3,3,3,1,2,2,3,2020,female,21
183,1,2,0,1,1,1,1,2,1,2,1,0,1,1,2,1,1,0,2,2,0,2020,female,19
184,0,0,1,0,2,1,0,1,2,1,0,1,1,0,1,0,1,0,0,0,0,2020,female,19
185,1,0,0,0,1,0,0,1,2,0,2,1,0,0,0,0,1,1,0,0,1,2020,female,19
186,2,1,0,0,2,1,1,2,0,0,0,1,2,0,0,0,0,0,1,1,0,2020,female,18
187,1,1,2,1,1,0,0,2,2,2,0,0,2,0,1,1,0,1,1,1,0,2020,female,19
188,1,1,1,0,2,1,1,1,0,0,1,0,2,0,0,0,1,2,1,0,0,2020,female,20
189,0,1,0,0,1,0,0,0,0,0,1,0,0,0,0,0,0,0,0,0,0,2020,male,19
190,1,0,1,0,1,0,0,1,1,0,0,0,0,1,1,0,0,1,0,0,0,2020,female,18
191,3,0,1,2,2,3,3,3,2,0,3,3,3,0,3,0,1,3,3,2,0,2020,female,20
192,0,0,0,0,2,0,0,1,0,0,0,0,0,0,0,0,0,0,0,1,0,2020,female,18
193,1,0,0,0,1,1,0,1,0,0,0,1,1,1,1,0,0,1,1,0,0,2020,female,18
194,1,0,1,0,2,1,0,2,0,1,1,0,2,1,1,1,0,2,0,2,1,2020,female,20
195,1,2,0,1,1,1,0,1,2,1,2,0,1,1,1,0,0,1,0,1,0,2020,female,18
196,0,0,1,0,1,0,0,1,0,2,0,0,1,0,1,0,0,0,0,0,0,2020,female,18
197,1,0,0,0,0,1,0,1,0,0,0,1,1,1,0,0,0,0,0,0,0,2020,female,18
198,0,0,0,0,1,0,0,0,0,1,0,0,0,1,0,0,0,0,0,0,0,2020,female,24
199,1,2,0,1,2,0,0,1,1,0,1,1,1,0,0,0,0,1,1,0,0,2020,female,18
200,2,0,0,0,2,1,1,0,0,1,0,1,0,0,0,0,0,0,0,0,0,2020,female,18
201,1,1,0,0,1,0,0,0,1,1,1,1,0,0,0,1,0,0,0,0,0,2020,female,21
202,1,3,0,0,0,1,0,1,1,2,0,1,2,1,0,1,0,0,0,0,1,2020,male,18
203,2,1,2,2,2,2,2,2,1,2,2,2,2,1,2,2,1,2,2,1,1,2020,female,19
204,1,0,0,0,2,0,0,2,1,1,2,1,0,1,1,0,2,0,0,0,2,2020,female,19
205,1,2,3,1,3,0,0,0,3,3,3,3,3,3,3,3,3,2,3,3,3,2020,male,29
206,2,1,1,1,1,1,1,1,1,0,1,2,1,1,0,0,0,0,0,0,0,2020,female,22
207,1,0,1,0,2,1,0,0,1,2,1,1,2,0,0,1,2,0,0,0,0,2020,female,18
208,3,3,1,0,1,3,0,3,1,1,3,3,3,1,2,2,0,0,0,0,0,2020,female,19
209,0,0,1,0,2,1,0,1,0,0,1,1,1,0,0,0,0,0,2,1,0,2020,female,19
210,0,0,0,0,1,0,0,1,0,1,1,1,1,1,0,0,0,2,0,0,0,2020,female,20
211,0,1,0,0,0,1,3,0,0,0,1,0,0,1,0,0,0,1,0,0,0,2020,male,19
212,2,3,2,1,2,3,3,3,2,3,2,2,3,2,2,2,3,3,1,0,2,2020,female,20
213,1,0,0,0,2,1,0,2,2,2,1,1,2,1,1,1,1,0,0,1,1,2020,female,19
214,1,1,0,0,0,0,0,0,0,3,0,0,1,0,0,0,0,0,0,0,0,2020,female,20
215,1,0,1,0,0,1,0,0,0,2,1,1,1,0,0,1,0,0,1,0,0,2020,male,19
216,0,1,0,1,1,2,1,1,2,0,0,0,0,0,0,0,0,1,1,0,0,2020,female,19
217,2,0,1,0,2,1,0,1,3,1,2,2,3,1,1,2,3,3,1,1,1,2020,female,19
218,2,1,1,1,1,2,0,2,1,2,3,2,2,1,1,1,2,1,0,2,1,2020,female,19
219,0,0,0,0,1,0,0,2,1,0,0,1,0,0,0,0,0,0,0,0,0,2020,female,19
220,0,1,0,0,2,2,0,0,0,0,0,0,0,0,0,0,0,1,0,0,0,2020,female,19
221,1,1,1,1,1,2,1,2,1,3,2,3,2,2,2,3,0,3,2,1,1,2020,female,19
222,2,2,1,1,3,2,0,2,3,3,3,2,2,1,2,2,2,3,0,0,2,2020,female,19
223,3,3,1,0,3,1,3,3,2,1,3,1,2,1,1,1,0,2,2,1,0,2020,female,19
224,3,1,1,0,1,1,0,1,1,1,0,2,0,1,0,0,0,0,0,0,0,2020,female,19
225,1,1,1,0,1,1,1,2,2,1,2,1,1,1,1,0,0,1,0,0,0,2020,female,20
226,1,0,2,0,1,1,1,2,3,1,2,1,0,1,2,1,1,1,1,2,2,2020,female,19
227,3,1,0,0,2,0,0,0,1,1,1,3,1,0,0,2,1,0,0,0,0,2020,female,18
228,1,0,1,0,3,1,0,2,2,3,1,3,3,0,1,0,3,0,0,0,2,2020,female,20
229,1,0,0,0,2,1,0,1,3,1,1,1,1,0,1,1,2,1,0,0,0,2020,male,20
230,2,1,1,1,3,2,0,3,2,2,2,3,1,2,2,1,2,1,1,1,3,2020,female,19
231,1,0,1,0,0,0,0,0,0,1,0,0,0,1,0,0,0,1,0,0,1,2020,male,20
232,2,0,0,0,1,1,0,2,0,1,1,1,1,2,0,0,2,0,1,0,1,2020,female,19
233,1,1,0,0,1,1,0,1,0,0,1,0,0,1,1,0,0,0,0,1,0,2020,female,18
234,3,1,2,2,3,3,1,2,1,3,3,3,3,3,3,3,1,2,1,3,3,2020,male,20
235,3,3,0,2,1,1,2,3,0,0,2,2,1,0,1,0,0,2,2,1,0,2020,male,19
236,2,1,0,3,1,1,0,1,0,0,0,1,1,0,1,0,0,0,0,0,0,2020,female,18
237,2,0,1,0,3,1,0,1,1,2,1,2,2,0,1,0,0,0,1,0,1,2020,female,18
238,1,0,1,0,2,0,0,0,0,1,0,0,2,0,0,1,0,0,0,0,0,2020,female,19
239,2,0,0,0,0,3,0,1,2,1,2,3,1,0,2,0,0,2,0,1,0,2020,female,21
240,1,0,1,0,2,1,0,1,0,1,1,1,2,1,1,2,2,2,0,1,2,2020,female,19
241,1,0,0,1,1,2,1,1,0,0,2,2,2,0,1,0,0,1,1,1,0,2020,female,20
242,0,1,0,0,1,0,0,0,0,0,0,0,1,0,0,0,0,0,0,0,0,2020,female,20
243,0,1,1,0,1,0,0,1,1,2,1,0,1,3,0,1,3,3,0,1,3,2020,female,18
244,1,0,0,0,1,1,1,1,0,0,0,0,1,0,0,1,0,0,0,0,0,2020,female,19
245,1,1,0,0,0,0,0,1,0,0,1,1,1,0,0,1,0,0,0,0,0,2020,male,19
246,0,2,0,0,2,2,1,1,1,0,0,0,0,0,1,0,0,0,0,1,0,2020,female,20
247,1,0,0,0,2,2,0,1,0,0,3,0,1,2,1,0,0,2,1,0,1,2020,female,18
248,0,1,0,0,1,0,0,1,1,0,0,0,1,0,0,0,0,0,0,0,0,2020,female,19
249,1,0,1,0,2,1,0,0,0,1,1,0,1,0,0,1,0,0,0,0,0,2020,female,19
250,2,2,2,0,2,1,0,0,0,3,2,2,2,2,0,1,0,2,0,1,0,2020,female,20
251,1,0,0,0,1,0,0,0,0,0,0,1,1,0,0,0,0,0,0,0,0,2020,female,18
252,0,1,1,0,3,2,0,1,1,2,2,2,2,2,1,1,0,0,0,0,1,2020,female,19
253,1,0,0,0,2,1,1,1,0,1,0,0,1,0,0,0,0,1,0,0,1,2020,female,19
254,2,1,0,0,1,0,0,0,0,2,3,1,2,1,0,0,0,1,0,0,1,2020,male,20
255,1,0,1,0,2,0,0,0,0,1,0,0,0,0,0,0,2,0,0,0,0,2020,male,19
256,2,1,0,3,3,1,1,2,2,0,2,2,1,1,1,0,0,1,3,0,1,2020,male,19
257,2,2,1,0,3,1,2,2,3,0,3,3,1,1,1,1,1,1,3,1,2,2020,female,18
258,2,0,2,0,1,1,0,1,0,1,0,0,2,0,1,1,0,1,0,0,0,2020,female,18
259,3,0,0,0,1,0,0,1,1,0,0,2,1,1,2,0,0,1,0,0,0,2020,female,18
260,3,0,2,1,2,1,0,3,3,0,1,3,2,0,3,1,2,1,3,3,1,2020,female,18
261,3,0,1,1,3,2,1,1,2,3,2,2,1,3,1,2,0,3,1,0,1,2020,female,19
262,3,2,3,1,1,2,0,2,2,3,3,3,2,1,1,2,1,3,2,2,2,2020,female,19
263,0,0,0,0,0,1,0,0,0,1,2,1,0,0,0,0,0,0,0,0,0,2020,female,20
264,1,0,0,0,0,1,0,1,1,0,0,1,0,1,0,0,0,0,3,0,0,2020,male,19
265,2,0,1,0,3,2,1,2,0,3,1,2,1,2,0,0,1,3,0,0,0,2020,female,18
266,1,0,0,2,2,0,1,2,0,1,1,2,1,0,2,0,0,0,3,3,0,2020,female,19
267,1,1,0,1,1,2,0,1,0,0,1,1,2,0,1,0,0,1,0,1,0,2020,female,18
268,2,1,0,0,2,1,0,1,3,2,1,2,1,0,1,0,0,1,0,0,1,2020,female,18
269,1,1,1,0,2,1,1,2,1,1,2,1,1,2,0,1,1,2,2,1,0,2020,female,18
270,2,0,1,0,1,0,0,1,2,0,0,2,0,0,1,0,1,0,0,0,0,2020,female,18
271,1,1,0,0,0,0,0,0,1,0,0,1,0,0,0,0,0,0,0,0,0,2020,female,18
272,1,0,1,0,1,3,0,2,0,1,2,2,1,1,2,1,0,0,1,2,0,2020,female,18
273,0,0,0,0,0,2,0,0,0,0,0,0,0,0,0,0,0,1,0,0,0,2020,female,18
274,3,0,1,0,3,1,1,1,0,2,2,1,2,1,1,1,1,1,1,0,2,2020,female,19
275,1,2,0,0,1,2,1,0,0,0,1,0,1,0,0,0,1,0,0,0,0,2020,female,19
276,1,0,0,0,0,1,0,1,0,0,1,1,1,0,1,0,0,1,0,0,0,2020,female,18
277,1,0,1,0,3,1,0,2,1,1,2,1,2,0,2,0,1,1,1,2,1,2020,female,19
278,2,0,0,0,0,1,1,0,1,0,1,2,0,0,1,0,0,1,0,0,0,2020,female,18
279,0,1,0,0,1,1,1,1,0,0,1,1,1,1,1,1,1,1,1,0,0,2020,female,19
280,3,0,1,0,2,2,0,1,0,1,2,3,2,2,3,2,0,2,0,0,0,2020,female,21
281,1,2,1,1,2,2,1,1,3,2,3,2,1,2,1,1,1,1,0,0,0,2020,female,18
282,1,2,1,2,2,3,2,2,2,3,3,2,2,1,1,1,1,2,2,2,1,2020,female,19
283,0,1,0,0,1,0,0,0,0,0,0,0,0,0,0,0,0,0,0,1,0,2020,female,18
284,0,0,0,0,0,0,0,1,0,0,0,0,0,0,0,0,0,0,0,0,0,2020,female,18
285,3,2,3,1,3,2,0,3,3,3,3,3,3,3,1,2,3,2,2,2,3,2020,male,18
286,0,1,0,0,2,2,2,2,0,2,2,2,2,0,0,1,1,0,0,0,1,2020,female,18
287,0,0,0,0,1,0,0,0,0,0,0,0,0,0,0,0,0,0,0,0,0,2020,female,18
288,1,1,0,0,1,0,0,1,2,0,1,0,1,3,0,0,0,3,0,0,0,2020,male,18
289,3,1,1,0,0,1,0,1,1,0,1,2,1,3,2,1,0,1,0,0,0,2020,female,19
290,0,0,0,1,2,0,0,1,2,0,1,0,1,0,1,0,0,1,0,1,0,2020,female,19
291,2,0,0,1,0,2,0,2,2,0,2,2,0,0,1,1,0,2,3,1,0,2020,female,19
292,0,1,1,0,0,1,0,2,1,1,2,3,2,1,2,2,3,1,1,3,3,2020,female,19
293,0,1,0,0,1,0,0,0,1,0,0,0,1,0,0,0,0,0,1,1,0,2020,female,18
294,1,0,1,0,1,2,1,2,1,0,1,1,1,1,1,0,0,0,0,0,0,2020,female,18
295,0,0,0,0,1,0,0,0,0,0,0,0,0,0,0,0,0,0,0,0,2,2020,female,18
296,0,0,0,0,1,1,0,0,0,0,1,0,2,0,0,0,0,1,1,0,0,2020,female,18
297,1,1,1,0,1,1,1,1,1,0,1,0,1,0,0,0,1,2,0,0,0,2020,female,18
298,0,1,1,0,2,3,2,2,3,2,1,1,1,0,2,1,0,2,1,0,0,2020,female,18
299,3,1,1,1,1,1,1,1,2,1,2,2,2,2,1,1,1,1,2,0,1,2020,female,18
300,2,1,1,1,2,2,0,1,0,0,3,1,1,2,0,0,0,1,0,0,0,2020,female,19
301,0,0,0,2,0,3,1,0,0,0,0,0,0,0,2,0,0,1,0,0,0,2020,female,20
302,1,0,0,0,1,0,0,0,0,1,1,0,0,0,0,0,0,0,0,0,0,2020,female,18
303,1,0,0,0,0,0,0,0,0,0,1,0,0,0,0,0,0,1,0,0,0,2020,female,18
304,0,0,1,0,1,1,1,1,1,1,1,1,1,1,2,1,1,0,0,1,0,2020,female,18
305,2,1,0,0,1,1,0,0,1,0,0,1,2,1,1,3,0,1,0,0,0,2020,female,18
306,1,2,0,1,3,2,0,2,1,3,2,2,3,2,0,2,2,0,1,0,3,2020,female,20
307,0,0,0,0,1,0,0,0,0,0,1,0,1,0,0,0,0,0,0,0,0,2020,female,18
308,3,1,1,0,1,1,3,2,0,0,1,3,1,1,1,0,0,0,1,1,2,2020,female,18
309,2,2,2,0,3,0,0,0,0,2,1,2,1,0,0,2,1,1,3,0,0,2020,male,22
310,0,0,0,0,1,0,0,0,0,0,1,0,0,0,0,0,0,0,0,0,0,2020,male,19
311,0,1,1,0,0,0,0,2,2,0,0,1,0,0,0,0,0,1,1,0,0,2020,female,18
312,2,0,1,0,3,1,1,2,3,0,3,3,1,0,3,1,0,0,1,3,0,2020,female,19
313,2,1,0,1,3,2,0,1,1,1,0,2,2,0,2,1,0,0,0,1,0,2020,female,19
314,1,0,1,0,1,2,0,2,3,2,1,1,2,0,0,1,2,0,0,1,2,2020,female,18
315,1,1,1,0,2,1,1,1,3,1,1,1,1,2,1,1,1,1,0,0,1,2020,female,20
316,3,2,3,3,3,3,1,3,3,3,3,3,3,3,2,3,2,3,1,0,3,2020,female,19
317,2,0,1,0,2,0,0,1,0,0,1,2,1,0,0,0,0,0,0,0,0,2020,female,18
318,1,0,0,0,1,1,0,0,0,0,1,1,1,1,0,0,1,0,0,0,1,2020,female,19
319,1,0,1,0,3,0,0,0,0,2,2,3,1,0,0,1,0,0,0,0,1,2020,male,18
320,1,3,0,1,3,2,2,1,1,0,0,1,0,0,0,0,0,3,0,0,0,2020,female,18
321,1,0,0,0,1,1,2,1,0,0,1,0,1,0,0,0,0,0,0,0,0,2020,female,18
322,2,3,0,0,3,2,1,1,2,1,3,3,2,2,0,0,0,1,1,0,0,2020,female,18
323,0,1,3,0,2,2,0,2,1,3,3,0,3,2,0,2,3,2,0,0,3,2020,female,19
324,1,3,1,1,1,0,0,0,1,0,0,1,0,0,0,1,0,1,0,0,0,2020,female,18
325,2,0,1,1,1,2,1,1,1,1,1,2,1,2,2,0,0,1,1,1,0,2020,female,18
326,1,1,1,0,3,2,1,0,2,1,2,1,2,0,0,1,2,1,0,0,1,2020,female,18
327,0,1,1,0,1,1,0,2,1,1,0,1,1,0,1,1,2,1,1,1,2,2020,female,18
328,1,0,0,0,0,0,1,1,0,0,0,1,0,0,0,0,0,0,1,1,0,2020,female,19
329,0,0,0,0,0,0,0,0,0,0,0,0,0,0,0,0,0,0,0,0,0,2020,female,18
330,2,0,0,0,0,1,0,1,0,0,0,1,0,1,0,0,0,1,0,0,0,2020,female,18
331,0,1,0,0,1,1,0,0,0,1,1,1,0,0,0,1,0,0,1,0,0,2020,male,18
332,0,1,3,1,3,1,0,3,0,3,3,3,3,1,0,1,0,2,3,3,3,2020,female,19
333,0,1,0,0,1,0,0,0,1,0,0,0,0,1,0,0,0,0,0,0,0,2020,female,18
334,2,3,1,2,3,0,1,3,2,0,1,3,3,0,3,2,2,2,3,0,2,2020,female,18
335,2,2,0,0,0,2,0,2,1,0,1,1,1,0,1,1,0,1,1,1,0,2020,female,18
336,1,0,2,1,3,1,0,1,1,2,1,1,2,1,1,2,1,0,0,0,2,2020,male,19
337,0,1,0,0,2,1,0,1,1,1,1,0,1,0,1,0,0,0,0,1,2,2020,female,18
338,1,1,1,0,1,0,0,1,1,1,1,1,1,0,1,1,1,0,0,0,1,2020,male,19
339,1,1,3,2,1,1,1,0,0,0,3,0,1,1,3,0,0,1,0,0,0,2020,female,19
340,0,1,0,0,2,1,0,1,1,2,1,0,0,0,1,0,0,0,0,0,0,2020,female,19
341,1,1,1,0,3,1,0,3,1,3,3,1,3,1,3,3,1,2,0,3,1,2020,female,18
342,1,2,1,0,2,1,1,2,1,0,0,2,1,0,1,0,1,1,1,1,0,2020,male,19
343,1,0,0,1,2,1,0,0,2,0,2,2,0,0,2,1,0,0,1,0,0,2020,male,18
344,1,2,1,0,1,1,0,0,1,0,0,1,1,1,0,0,0,0,1,0,0,2020,female,20
345,2,0,0,0,0,1,0,0,1,1,1,1,1,1,1,1,2,1,2,1,2,2020,male,21
346,0,0,0,0,1,0,0,0,1,0,1,0,0,0,0,0,0,0,0,0,0,2020,male,18
347,0,0,0,0,0,0,0,0,0,0,0,0,0,0,0,0,0,0,0,0,0,2020,female,19
348,2,1,0,0,1,0,0,2,0,0,1,1,1,0,0,0,0,0,0,0,0,2020,female,20
349,2,0,2,0,2,2,2,2,1,2,2,2,2,2,1,2,3,2,0,0,3,2020,female,18
350,3,2,1,0,3,2,1,3,2,2,2,2,2,2,2,1,2,2,1,1,1,2020,female,20
351,0,0,0,0,0,0,0,0,0,0,0,0,0,0,0,0,0,0,0,0,0,2020,female,18
352,2,1,2,0,3,1,0,1,2,3,2,1,3,0,0,2,2,0,1,1,3,2020,female,18
353,1,1,0,0,0,0,0,1,1,0,1,1,0,0,0,0,0,1,0,0,0,2020,female,19
354,1,2,0,1,0,2,0,0,2,0,2,2,2,1,1,0,0,0,0,1,0,2020,female,18
355,1,1,0,0,2,2,1,1,3,0,1,0,0,0,0,0,0,1,0,0,0,2020,female,18
356,2,2,1,2,2,1,1,1,1,1,1,2,1,2,2,1,2,1,2,2,2,2020,male,20
357,1,1,0,0,0,1,0,1,1,1,1,0,0,1,1,0,1,0,0,0,0,2020,female,19
358,1,0,1,0,1,0,0,0,0,1,0,1,0,0,0,0,0,0,0,0,0,2020,female,18
359,1,0,0,0,1,0,0,0,0,0,0,0,0,0,0,0,0,0,0,0,0,2020,female,18
360,1,1,3,0,1,1,2,3,3,3,3,3,3,2,3,3,3,1,3,3,3,2020,female,19
361,0,1,0,0,1,0,0,0,0,2,0,0,1,0,0,1,0,0,0,0,0,2020,male,19
362,0,0,0,0,0,1,0,0,0,0,0,1,0,0,1,0,0,0,1,0,1,2020,female,19
363,1,0,0,1,2,2,0,1,1,0,1,1,1,1,1,0,1,2,0,1,1,2020,female,19
364,1,2,0,1,1,1,1,2,2,0,2,1,1,0,1,1,0,2,2,3,1,2020,female,20
365,1,0,0,0,0,1,2,1,0,0,0,1,0,1,0,0,0,0,0,0,0,2020,female,19
366,0,0,3,0,1,1,0,0,0,0,0,0,0,0,0,0,0,0,0,0,0,2020,female,19
367,1,0,0,0,2,1,0,1,1,1,1,1,1,1,0,1,0,1,0,0,0,2020,female,21
368,1,0,0,0,0,0,0,0,0,0,0,0,0,0,0,0,0,0,0,0,0,2020,female,18
369,1,0,0,0,2,1,1,1,0,1,1,1,0,1,0,0,0,1,0,0,0,2020,female,18
370,1,2,0,0,2,3,0,2,0,1,3,1,3,1,0,0,1,3,0,0,0,2020,female,18
371,0,1,1,2,1,0,2,1,1,0,2,0,2,0,1,0,0,1,2,0,0,2020,female,18
372,0,0,0,0,0,1,0,0,1,0,0,0,0,0,0,0,0,0,0,0,0,2020,male,19
373,1,1,1,0,0,2,1,1,0,0,1,0,1,1,1,0,1,1,0,1,0,2020,female,17
374,2,1,0,0,3,1,1,1,1,0,1,0,1,0,1,1,0,0,0,1,0,2020,female,21
375,0,2,0,0,3,1,0,0,1,0,1,0,1,0,0,0,0,1,0,0,0,2020,female,19
376,2,0,0,2,2,2,2,2,3,0,3,2,3,0,3,0,1,2,2,3,0,2020,female,20
377,1,1,2,3,3,2,1,3,3,3,3,0,2,3,0,3,2,0,1,1,3,2020,female,19
378,0,0,0,0,1,0,0,0,0,0,0,0,0,0,0,0,0,0,0,0,0,2020,female,18
379,1,0,0,0,1,1,0,0,1,0,1,1,1,1,1,1,1,1,0,1,1,2020,female,19
380,2,0,1,0,2,2,1,1,2,2,2,1,2,1,1,1,1,1,0,0,1,2020,female,19
381,2,1,2,1,3,1,1,3,2,3,0,1,2,2,3,3,0,2,1,2,2,2020,male,18
382,0,0,0,0,2,0,0,0,1,0,0,0,1,0,0,1,0,0,0,1,0,2020,female,19
383,2,3,1,0,1,2,0,2,1,1,2,1,1,1,2,1,0,1,1,1,0,2020,female,19
384,2,2,1,0,2,3,0,0,3,2,1,2,3,0,3,1,0,2,1,0,0,2020,female,19
385,1,0,0,0,1,0,0,0,0,0,0,0,1,0,0,0,0,0,0,0,0,2020,female,18
386,1,0,0,0,2,1,0,1,1,1,1,2,1,1,1,0,1,1,0,0,0,2020,female,18
387,0,0,1,0,3,1,0,0,0,1,2,2,2,2,0,1,1,2,1,1,1,2020,female,20
388,1,1,0,0,1,0,0,0,0,0,0,0,0,0,0,0,0,0,0,0,0,2020,female,18
389,2,1,0,0,2,1,0,2,1,0,1,1,0,0,1,0,0,0,1,0,0,2020,female,20
390,1,2,0,0,1,2,0,2,2,2,2,2,1,0,0,1,1,1,0,1,0,2020,female,18
391,3,2,3,0,3,2,1,3,3,3,3,3,3,0,3,3,3,0,0,0,2,2020,female,18
392,1,0,2,1,3,0,0,1,0,2,2,1,3,2,0,2,2,0,0,1,2,2020,female,20
393,1,0,0,0,1,2,0,1,2,3,1,1,0,0,0,1,0,0,0,0,0,2020,female,20
394,1,1,1,1,2,2,0,3,2,2,2,2,2,1,0,1,0,1,1,1,0,2020,female,18
395,2,1,1,0,1,2,2,1,2,0,2,1,0,0,0,0,1,1,0,1,0,2020,female,19
396,2,1,1,1,1,1,0,3,1,2,2,1,3,2,3,1,1,0,1,3,2,2020,female,19
397,1,1,0,0,0,0,0,0,0,0,0,0,0,0,0,0,0,0,0,0,0,2020,female,19
398,1,0,1,0,2,0,0,1,1,1,2,1,1,0,1,2,2,3,2,1,0,2020,female,18
399,2,1,0,3,0,2,0,2,2,1,2,2,2,1,2,0,0,2,1,2,0,2020,female,18
400,2,1,1,0,3,2,0,2,1,3,1,2,2,1,1,2,2,3,1,1,2,2020,female,18
401,1,0,0,0,2,1,0,0,2,1,0,1,1,0,1,0,1,0,0,1,0,2020,female,18
402,0,0,0,0,1,0,0,0,0,0,0,0,0,0,0,0,0,0,0,0,0,2020,female,18
403,1,2,0,1,1,0,1,0,1,2,1,1,1,1,1,1,1,1,0,1,1,2020,male,19
404,2,2,0,0,0,2,1,1,3,3,2,3,1,2,0,0,1,3,3,3,3,2020,male,19
405,1,1,1,1,3,2,0,1,1,0,1,1,1,2,1,1,0,1,0,2,0,2020,female,19
406,0,2,0,1,2,1,0,1,0,0,1,0,0,0,0,1,0,1,0,0,1,2020,female,18
407,0,0,0,0,0,0,0,0,0,0,0,0,0,0,0,0,0,0,0,0,0,2020,female,20
408,0,0,0,0,0,1,0,0,0,0,0,0,0,0,0,0,0,0,0,0,0,2020,female,18
409,2,2,2,1,1,1,1,2,2,1,1,2,1,1,0,1,2,1,1,1,2,2020,female,18
410,1,0,1,2,3,2,2,1,2,2,3,2,2,1,2,2,2,2,1,1,1,2020,female,20
411,0,0,3,2,1,0,0,1,1,2,1,2,1,0,0,1,3,0,0,0,3,2020,female,18
412,1,1,1,0,2,2,0,1,0,0,1,0,3,2,1,2,0,1,0,1,1,2020,female,18
413,0,2,0,0,1,0,0,1,1,0,1,1,0,0,0,0,0,1,0,0,0,2020,female,18
414,2,0,1,0,1,1,0,1,2,0,1,1,1,0,1,0,0,0,0,0,1,2020,female,20
415,2,0,3,1,3,0,0,0,1,2,2,2,2,1,1,2,1,1,0,1,3,2020,female,19
416,2,2,2,0,2,1,0,1,1,0,2,2,0,1,2,1,0,0,1,0,2,2020,male,21
417,1,3,1,1,3,1,3,2,3,0,3,2,1,1,1,1,2,2,2,0,0,2020,female,19
418,3,1,1,0,3,1,1,1,2,3,2,2,3,3,1,1,1,2,1,2,2,2020,female,19
419,1,0,0,0,1,0,0,0,0,0,1,0,0,1,0,0,0,0,0,0,0,2020,female,19
420,1,0,0,0,0,0,0,0,0,0,0,0,0,1,0,0,0,1,0,0,0,2020,female,18
421,1,0,1,0,1,0,0,0,0,0,1,1,1,0,0,1,1,0,0,0,0,2020,female,19
422,2,0,1,1,1,3,0,2,1,2,1,1,2,0,2,1,1,1,1,2,0,2020,female,19
423,1,0,0,0,2,0,0,0,0,0,1,0,1,0,0,0,0,0,0,0,2,2020,female,18
424,1,1,0,0,3,0,3,0,0,0,1,0,0,0,1,0,0,0,0,0,0,2020,female,19
425,1,0,0,0,1,0,0,0,0,0,0,0,0,0,0,0,0,0,0,0,0,2020,female,18
426,2,1,1,1,0,1,1,2,0,0,1,3,2,0,2,0,1,0,2,2,0,2020,female,18
427,2,1,0,0,3,0,0,1,1,0,2,2,1,0,0,0,0,2,0,0,0,2020,female,27
428,1,0,0,0,1,1,0,1,0,0,1,1,1,0,0,0,0,1,0,1,0,2020,female,19
429,3,2,1,0,0,3,2,1,1,2,1,2,2,2,1,0,0,3,0,2,0,2020,female,21
430,0,0,0,1,0,0,0,0,0,0,0,0,0,0,0,0,0,0,0,0,0,2020,female,21
431,2,0,0,0,1,2,0,2,1,1,2,3,2,1,0,1,0,1,0,0,0,2020,female,19
432,1,0,0,0,1,0,1,2,1,0,0,0,0,0,0,0,0,0,0,1,0,2020,female,20
433,2,0,0,0,0,0,0,1,1,0,1,0,0,0,1,0,0,1,1,0,0,2020,female,20
434,0,2,1,0,2,1,0,1,2,3,0,0,2,1,0,2,1,0,2,0,2,2020,male,19
435,1,0,0,1,2,2,1,3,2,0,1,1,1,2,0,1,0,2,1,2,0,2020,female,19
436,2,2,2,0,3,2,0,0,2,2,2,3,3,2,0,2,2,0,0,2,2,2020,female,20
437,2,2,1,2,1,1,2,2,3,3,2,2,1,3,2,1,2,2,1,1,1,2020,female,19
438,1,2,0,0,0,0,1,0,0,1,0,0,1,0,0,1,2,3,0,1,1,2020,female,20
439,2,0,0,0,1,2,0,1,2,2,2,2,2,3,0,0,0,2,0,1,1,2020,female,19
440,2,0,1,0,1,0,0,3,2,3,0,1,2,2,0,1,3,1,0,0,3,2020,male,20
441,0,0,0,0,0,1,0,1,1,2,1,0,1,2,0,0,1,0,0,0,1,2020,female,19
442,1,2,2,2,1,1,0,2,2,1,1,2,2,1,0,1,1,1,1,1,0,2020,female,19
443,1,0,0,1,0,1,0,0,0,0,1,0,0,0,0,0,0,1,0,0,0,2020,female,20
444,3,0,1,1,3,3,1,2,2,2,3,1,2,1,2,1,0,2,0,1,1,2020,female,19
445,2,0,1,0,3,2,0,3,2,1,3,2,2,3,0,2,2,3,0,1,1,2020,female,19
446,1,0,1,0,1,1,0,0,0,0,0,0,0,1,0,0,0,0,0,0,0,2020,male,20
447,2,1,0,0,1,1,0,1,1,1,1,1,1,0,0,1,0,2,0,1,0,2020,female,19
448,3,1,0,2,2,2,0,3,3,3,3,1,2,3,0,1,1,2,0,1,1,2020,female,20
449,2,2,2,0,1,2,0,2,2,2,3,1,1,0,0,0,2,1,0,0,0,2020,female,19
450,3,0,1,0,0,2,0,0,0,2,3,0,1,0,0,0,0,0,0,0,0,2020,female,19
451,1,0,0,0,0,1,0,0,0,0,0,0,0,0,0,0,0,0,0,0,0,2020,female,19
452,2,2,2,1,3,2,2,2,3,1,2,3,2,2,1,2,1,2,1,0,0,2020,female,19
453,2,0,0,0,1,2,0,1,2,0,2,2,0,0,0,0,0,2,0,0,0,2020,female,20
454,2,0,0,0,2,2,1,1,3,0,1,2,1,3,0,0,0,2,0,0,0,2020,female,20
455,2,0,1,2,0,1,2,2,1,3,0,2,1,2,0,2,1,0,1,0,2,2020,female,19
456,0,0,0,0,0,1,0,0,0,0,1,0,0,0,2,0,0,1,0,0,0,2020,female,20
457,0,0,1,0,3,0,0,1,0,2,0,1,2,0,0,2,1,0,0,0,1,2020,male,20
458,2,0,1,1,1,1,0,0,0,0,0,0,0,0,0,0,0,1,0,0,0,2020,male,19
459,2,1,1,0,1,1,0,0,2,3,3,1,1,3,0,1,1,0,0,1,0,2020,female,19
460,0,1,0,0,2,0,0,1,1,1,2,1,1,0,0,1,3,2,0,0,2,2020,female,19
461,1,2,0,0,1,1,1,2,1,0,1,1,0,0,0,0,0,1,0,0,0,2020,male,19
462,1,2,0,3,2,2,0,2,1,2,2,3,1,0,0,2,3,2,0,1,0,2020,male,20
463,3,2,1,2,2,3,1,1,1,2,3,3,1,3,1,2,2,2,1,0,2,2020,female,19
464,0,0,0,0,0,0,0,0,0,0,0,0,0,0,0,0,0,0,0,0,0,2020,male,20
465,3,2,2,0,0,0,0,2,3,1,3,2,2,1,0,1,2,0,0,0,1,2020,male,20
466,0,1,0,0,0,0,0,1,0,2,0,0,1,0,0,0,1,0,0,0,0,2020,female,18
467,3,1,1,1,2,3,1,2,0,1,3,3,2,0,0,0,1,2,0,2,0,2020,female,18
468,0,3,1,0,2,2,0,2,0,0,0,0,0,0,2,2,1,0,0,0,0,2020,female,20
469,2,3,1,1,2,1,0,2,3,0,2,2,1,1,2,2,2,0,0,1,0,2020,female,18
470,2,1,3,1,3,1,0,3,3,2,3,3,3,3,0,3,3,2,0,3,3,2020,female,18
471,1,0,0,0,1,1,0,0,0,0,1,1,0,0,0,0,0,1,1,0,0,2020,female,18
472,2,0,1,0,2,2,0,1,0,2,2,1,1,0,1,0,1,2,1,0,2,2020,female,18
473,2,1,1,1,1,1,0,0,0,0,1,0,1,0,0,0,0,0,0,0,0,2020,female,18
474,2,0,0,0,1,1,0,1,1,0,2,1,0,1,1,0,0,2,0,0,0,2020,female,19
475,1,0,0,0,0,1,0,0,0,1,0,0,0,0,0,0,0,0,0,0,0,2020,female,0
476,2,0,1,0,1,3,1,2,2,2,1,2,2,1,0,1,0,1,0,1,1,2020,female,18
477,1,0,1,0,1,1,0,0,0,3,1,1,2,1,0,2,2,1,0,0,2,2020,female,19
478,0,0,0,0,0,0,0,1,0,1,0,0,0,1,0,0,0,1,2,0,0,2020,male,20
479,1,0,0,0,0,1,0,1,1,0,1,0,0,0,0,0,0,1,0,0,0,2020,female,18
480,1,1,0,0,1,0,0,0,1,1,1,0,2,0,0,1,0,1,0,0,1,2020,female,18
481,2,1,0,0,0,1,0,1,0,3,2,1,0,0,0,0,0,1,0,0,0,2020,female,18
482,1,0,0,0,1,0,0,2,1,0,0,1,0,0,0,0,0,0,0,0,0,2020,male,19
483,1,1,1,2,2,2,3,3,1,1,2,3,1,0,2,0,0,0,1,2,0,2020,female,19
484,1,0,1,0,1,1,0,1,1,1,1,1,1,0,0,1,0,0,0,0,1,2020,female,19
485,2,1,1,1,2,2,1,1,1,1,2,1,1,1,1,0,0,0,2,1,1,2020,female,19
486,1,0,0,0,2,0,0,0,0,1,0,0,1,0,0,0,1,0,0,0,2,2020,N/A,20
487,2,2,1,1,2,1,2,1,2,1,2,1,2,1,2,2,2,2,0,1,2,2020,female,19
488,0,0,0,0,0,0,0,0,0,0,0,0,0,0,0,0,0,0,0,0,0,2020,female,18
489,0,0,0,0,0,0,0,0,0,0,0,0,0,1,0,0,0,0,0,0,0,2020,male,18
490,1,1,2,1,1,2,0,0,0,1,0,0,0,0,0,1,0,0,1,0,1,2020,female,18
491,1,1,0,0,0,0,0,1,0,0,0,0,0,0,0,0,0,0,0,0,0,2020,female,18
492,2,3,2,1,3,3,0,1,0,3,2,0,2,3,0,2,3,3,2,0,2,2020,female,19
493,2,0,1,0,2,3,0,2,2,2,3,3,2,3,1,3,2,3,0,2,1,2020,female,19
494,0,1,1,1,2,0,0,1,0,0,0,1,1,1,1,0,1,0,0,0,1,2020,female,18
495,0,0,0,0,0,1,0,1,1,2,1,1,0,2,0,0,0,1,1,0,0,2020,male,18
496,0,0,0,1,0,0,0,0,1,0,0,0,1,1,0,0,0,1,0,1,0,2020,female,19
497,2,0,1,1,2,2,2,1,2,2,3,2,3,1,1,0,0,1,0,0,0,2020,female,19
498,1,0,0,0,1,2,1,1,0,1,1,1,1,0,0,0,1,2,1,0,0,2020,female,19
499,0,2,1,0,1,0,2,3,3,0,0,3,2,1,2,1,1,0,0,1,1,2020,male,18
500,2,3,3,2,2,2,1,3,2,3,3,2,3,0,2,2,2,0,2,2,2,2020,female,19
501,2,1,1,0,1,2,1,1,1,1,1,0,1,1,1,2,2,2,1,0,1,2020,female,18
502,2,1,0,0,1,0,1,1,2,0,0,2,0,0,0,0,0,1,0,2,0,2019,female,19
503,2,0,0,0,0,0,0,0,0,1,2,2,2,1,0,1,0,0,0,1,1,2019,female,19
504,0,1,0,0,0,0,0,0,0,0,0,0,1,0,0,0,0,0,0,0,0,2019,female,18
505,0,1,0,0,0,0,0,0,0,0,0,1,0,0,0,0,0,0,0,0,0,2019,female,20
506,1,0,0,0,0,1,0,1,1,0,2,1,1,3,0,1,0,1,0,0,0,2019,female,19
507,1,1,1,0,2,1,0,1,1,0,1,1,1,1,0,1,1,0,0,0,0,2019,male,18
508,2,0,1,0,0,2,0,1,0,1,0,0,1,0,0,0,0,2,1,0,0,2019,female,19
509,1,0,0,0,1,1,0,0,1,0,1,0,0,0,0,0,0,1,3,0,0,2019,female,19
510,1,1,0,0,1,1,1,2,1,0,1,1,1,1,1,0,1,1,0,0,0,2019,female,19
511,1,1,1,1,1,1,1,1,1,2,1,1,2,1,0,1,1,1,0,0,0,2019,female,18
512,2,1,1,1,1,1,0,1,1,0,1,1,1,1,1,0,1,1,0,0,0,2019,female,19
513,1,2,0,0,1,1,0,1,1,0,1,1,0,1,0,0,0,1,1,0,0,2019,male,18
514,0,0,1,0,3,0,0,0,0,1,0,0,1,0,0,0,0,0,1,0,0,2019,female,20
515,1,0,1,0,1,1,0,1,0,0,0,1,1,1,0,0,0,0,0,0,0,2019,female,19
516,1,1,0,0,2,1,0,1,1,1,2,1,1,3,0,0,0,0,0,0,0,2019,female,20
517,1,0,0,0,1,0,0,1,1,0,0,1,0,1,0,0,0,0,1,1,0,2019,female,20
518,0,0,0,0,0,0,0,1,0,0,0,1,0,0,0,0,0,0,0,0,0,2019,female,18
519,1,1,1,1,1,2,1,2,2,2,1,1,1,2,1,2,1,1,1,0,0,2019,female,18
520,1,0,0,0,1,1,1,1,1,0,1,1,0,0,0,0,0,2,0,1,0,2019,female,18
521,1,2,0,0,0,1,1,0,0,0,0,0,0,0,0,0,0,1,0,0,0,2019,female,18
522,1,3,1,0,0,1,2,2,3,1,0,2,2,3,0,1,2,1,1,1,0,2019,female,20
523,1,0,0,0,0,1,0,0,0,0,1,0,0,1,0,0,0,0,0,0,0,2019,male,20
524,0,0,0,0,0,0,0,0,0,0,0,0,0,1,0,0,0,0,0,0,0,2019,female,18
525,1,0,0,0,0,2,1,1,0,0,1,0,0,1,0,0,0,0,0,1,0,2019,female,19
526,1,0,1,0,0,1,0,0,2,0,1,1,1,0,0,1,1,0,0,0,0,2019,female,20
527,1,2,0,0,0,0,0,1,0,0,0,1,0,1,0,0,0,0,0,0,0,2019,female,19
528,1,0,0,0,1,0,0,0,0,0,1,0,1,1,0,0,0,1,0,0,0,2019,male,21
529,1,0,1,0,0,1,0,2,1,1,1,2,1,2,0,1,1,2,0,2,0,2019,female,23
530,0,0,0,0,0,1,0,1,1,0,0,0,0,1,0,0,0,0,0,0,0,2019,female,21
531,2,2,1,0,1,2,1,1,1,0,2,2,1,1,1,1,1,2,1,1,0,2019,male,19
532,1,0,0,0,1,1,0,0,0,0,1,1,0,1,0,0,1,0,0,0,1,2019,female,20
533,1,0,1,0,1,1,1,1,1,1,1,1,1,0,0,1,1,0,0,0,0,2019,female,20
534,0,0,0,0,0,0,0,0,0,1,0,0,1,0,0,1,0,0,0,0,0,2019,female,19
535,3,2,1,1,2,3,1,1,2,1,0,0,1,0,0,0,1,1,0,1,1,2019,female,19
536,1,1,0,0,0,1,0,0,1,1,1,1,1,2,0,0,0,2,0,0,0,2019,female,19
537,1,1,0,1,1,0,0,1,0,0,1,1,0,1,0,0,0,0,0,0,0,2019,female,19
538,3,2,3,2,3,2,3,3,2,2,2,2,2,3,0,1,3,3,3,2,3,2019,female,20
539,1,0,0,1,0,2,0,0,1,0,0,0,0,0,0,0,0,1,1,0,0,2019,male,18
540,2,0,0,0,1,2,0,3,1,0,3,2,1,3,0,0,0,3,0,2,0,2019,female,19
541,0,0,0,0,1,0,0,1,1,0,0,0,0,0,0,0,0,0,0,0,0,2019,female,19
542,0,1,0,0,1,0,0,0,0,0,0,0,0,0,0,0,0,0,0,0,0,2019,female,21
543,1,0,0,0,1,1,0,1,0,0,1,0,1,1,0,0,1,1,0,0,0,2019,female,18
544,1,1,1,0,1,0,0,1,1,1,2,1,1,1,0,0,2,0,0,0,1,2019,female,20
545,1,0,0,0,1,1,0,1,1,0,1,0,0,1,0,0,0,0,0,0,0,2019,female,20
546,0,0,0,0,0,0,0,0,1,0,0,0,0,1,0,0,0,0,1,0,0,2019,female,19
547,1,0,0,0,0,0,0,1,0,0,0,0,1,0,0,0,0,0,0,0,0,2019,female,19
548,0,0,0,1,1,0,0,0,0,0,0,0,0,1,0,0,0,0,0,0,0,2019,female,21
549,1,2,3,0,3,0,0,1,1,3,0,0,2,3,0,2,0,1,1,0,1,2019,female,20
550,1,0,0,0,0,0,0,0,0,0,0,0,0,1,0,0,0,0,0,0,0,2019,female,19
551,1,1,0,1,0,1,0,1,0,0,0,0,0,2,0,0,0,1,0,0,0,2019,female,21
552,3,0,2,0,1,3,0,1,3,1,3,3,3,0,0,1,3,0,0,1,3,2019,male,19
553,1,0,0,0,0,1,0,0,0,0,0,0,0,0,0,0,0,0,0,0,0,2019,female,20
554,2,1,1,0,1,1,0,1,0,0,0,0,0,2,0,1,0,0,1,1,0,2019,female,21
555,1,0,0,1,1,0,0,0,0,1,0,1,2,2,0,2,0,2,0,0,0,2019,female,18
556,1,0,1,1,0,1,1,1,1,0,1,2,1,1,1,0,0,1,0,0,0,2019,female,18
557,1,0,0,0,0,0,0,0,0,1,1,1,1,0,0,0,1,0,0,0,0,2019,female,20
558,1,1,0,0,1,1,1,1,0,0,0,1,1,1,0,0,0,0,0,0,0,2019,male,18
559,2,2,1,0,0,1,0,1,1,1,1,2,1,0,1,0,0,1,0,0,1,2019,female,20
560,1,0,0,0,1,1,0,2,1,1,2,2,1,1,0,0,1,0,1,1,1,2019,female,20
561,1,0,0,0,0,0,1,0,0,0,0,0,0,1,0,0,0,0,0,0,0,2019,female,19
562,1,0,1,0,1,2,0,0,0,0,1,0,1,0,0,1,1,0,1,0,0,2019,male,21
563,1,0,0,1,0,1,1,1,0,1,2,1,1,3,1,1,0,0,1,0,0,2019,female,20
564,1,1,2,1,2,1,1,3,2,2,1,1,2,1,2,1,2,1,3,2,1,2019,female,20
565,2,2,0,0,1,0,0,0,1,1,2,2,0,1,1,0,0,2,0,0,0,2019,female,21
566,1,1,0,1,2,1,0,0,1,0,1,1,0,0,0,0,0,0,0,0,0,2019,male,19
567,1,0,0,0,1,1,0,1,3,0,2,1,2,0,0,1,2,3,0,0,0,2019,female,19
568,3,1,1,1,2,3,3,2,3,3,1,2,2,1,1,2,1,1,2,2,1,2019,male,19
569,1,0,1,0,1,0,0,1,1,0,1,2,1,1,0,0,0,0,0,0,0,2019,male,19
570,1,2,1,0,2,0,0,0,1,0,0,1,1,0,0,0,0,0,1,0,0,2019,female,20
571,2,0,0,0,2,2,0,0,0,1,1,2,0,0,0,0,0,0,0,0,0,2019,female,20
572,1,0,0,0,1,1,0,0,0,0,1,1,1,1,0,0,0,0,0,0,0,2019,female,19
573,1,2,1,0,1,3,0,2,3,3,2,2,1,1,1,2,2,2,1,0,1,2019,male,22
574,1,0,1,1,2,0,0,0,0,2,0,0,1,0,0,2,0,0,0,0,0,2019,female,19
575,3,0,2,0,2,2,0,1,1,2,3,2,3,0,1,2,1,3,1,0,0,2019,male,18
576,2,0,1,1,1,1,0,1,1,0,1,2,1,1,2,0,0,1,2,1,0,2019,female,19
577,1,0,0,0,2,1,0,1,0,0,0,1,0,0,0,0,0,1,0,0,0,2019,male,19
578,1,1,2,1,2,3,2,2,1,2,2,2,2,2,2,2,1,2,0,0,1,2019,male,19
579,3,2,2,1,2,2,0,1,1,1,3,2,1,2,1,1,1,2,0,1,1,2019,female,19
580,1,3,2,0,0,3,0,0,0,0,2,0,2,0,0,0,1,1,0,0,0,2019,female,20
581,0,0,0,0,0,0,0,1,0,0,0,0,0,0,0,0,0,0,0,0,0,2019,male,18
582,2,2,0,1,2,1,2,2,3,0,1,1,1,0,1,0,0,1,2,1,0,2019,male,19
583,1,0,0,0,0,1,0,0,1,0,1,2,0,0,0,0,0,0,0,0,0,2018,female,18
584,2,2,1,0,0,2,0,2,3,1,2,2,3,3,0,3,1,3,3,2,0,2018,female,19
585,2,1,1,1,1,2,0,2,3,1,2,1,2,1,0,1,0,1,0,2,3,2018,female,20
586,0,0,0,0,0,0,0,1,0,0,0,1,1,0,0,0,0,0,0,0,0,2018,male,22
587,0,0,0,0,0,0,0,0,0,0,0,0,0,0,0,0,0,0,0,0,0,2018,female,22
588,0,0,0,0,0,0,1,1,0,0,0,0,0,1,0,0,0,0,0,0,0,2018,male,18
589,0,0,0,0,0,0,0,0,0,0,0,0,0,0,0,0,0,0,0,0,0,2018,female,18
590,0,0,1,0,2,0,0,1,0,0,0,1,1,1,0,1,1,0,0,0,0,2018,male,19
591,0,0,0,0,0,1,0,1,1,0,1,0,0,2,1,0,0,1,2,0,0,2018,female,19
592,0,0,0,0,0,0,0,0,0,0,0,0,0,1,0,0,0,0,0,0,0,2018,female,20
593,1,0,0,0,0,1,0,0,0,0,1,1,0,1,0,0,0,0,0,0,0,2018,female,18
594,0,0,0,0,1,2,2,1,1,2,0,3,1,2,2,2,0,1,1,1,0,2018,female,18
595,1,0,0,0,1,1,0,1,1,0,0,0,0,1,0,0,0,0,1,1,0,2018,female,20
596,1,0,0,0,1,1,0,1,1,0,1,1,0,1,0,0,0,0,0,1,0,2018,female,19
597,1,2,0,0,1,0,1,1,1,2,2,2,1,1,1,1,0,1,2,0,0,2018,female,18
598,2,0,1,0,2,1,3,1,2,2,2,2,1,0,1,1,0,0,0,0,0,2018,female,18
599,0,0,0,0,0,0,0,0,1,0,0,0,0,0,0,0,0,0,0,0,0,2018,female,21
600,1,0,1,0,1,2,0,1,1,0,0,0,1,2,0,0,0,1,0,0,0,2018,male,19
601,1,0,0,0,1,0,0,0,1,0,1,0,0,0,0,0,0,0,0,0,0,2018,female,19
602,0,0,0,0,0,0,0,0,0,0,0,0,0,0,0,0,0,0,0,0,0,2018,female,19
603,2,2,2,1,2,2,0,2,2,2,2,1,2,0,0,1,2,2,2,1,2,2018,female,19
604,0,1,0,0,0,0,0,0,0,0,0,0,0,1,0,0,1,0,0,0,0,2018,male,19
605,0,0,0,0,1,0,0,1,0,0,0,0,0,1,0,0,0,0,0,0,0,2018,female,20
606,0,0,0,0,0,0,0,1,0,0,0,0,0,0,0,0,0,0,0,0,0,2018,female,19
607,1,1,1,0,2,2,1,3,3,0,3,3,2,1,0,0,0,0,0,0,0,2018,female,18
608,1,0,0,0,1,1,0,0,0,0,1,0,1,0,0,0,0,1,0,0,0,2018,female,18
609,0,0,0,0,0,0,0,0,0,0,0,0,0,0,0,0,0,0,0,0,0,2018,female,19
610,1,0,1,0,2,1,0,1,0,0,1,1,1,0,0,1,0,1,0,0,0,2018,female,22
611,3,2,2,0,2,0,0,1,0,0,2,1,3,0,0,1,1,1,0,0,1,2018,female,19
612,0,2,0,1,0,2,0,1,0,0,0,0,1,1,0,0,0,0,0,0,0,2018,male,19
613,3,3,2,2,3,3,2,3,2,2,3,3,3,3,3,3,2,3,3,2,2,2018,female,18
614,1,1,1,1,1,2,1,2,1,0,1,1,1,1,0,0,0,1,1,1,0,2018,female,18
615,0,0,0,0,0,0,0,0,0,0,0,0,1,1,0,0,0,0,0,0,0,2018,female,18
616,1,0,1,0,2,1,1,1,1,2,1,1,2,0,1,1,1,2,0,1,1,2017,female,19
617,0,0,0,0,0,1,0,0,0,0,1,0,0,0,0,0,0,0,0,0,0,2017,female,19
618,0,1,0,0,1,1,0,0,0,0,1,0,0,1,0,0,0,1,0,0,0,2017,female,19
619,3,0,3,2,0,3,2,3,3,3,3,3,3,3,3,3,3,3,3,3,1,2017,female,19
620,2,1,0,0,2,2,1,3,3,1,3,3,1,1,3,0,0,0,2,2,0,2017,female,19
621,1,0,0,0,0,0,1,0,0,0,0,1,0,0,0,0,0,0,0,0,0,2017,female,20
622,0,0,0,0,3,1,0,0,0,0,1,1,1,0,0,1,0,0,0,0,0,2017,female,19
623,2,0,0,1,1,0,0,3,0,0,2,3,0,0,2,0,0,2,1,1,0,2017,female,19
624,1,0,0,0,1,1,0,0,0,0,1,2,1,1,0,1,0,1,0,1,0,2017,female,20
625,1,0,0,0,1,1,0,0,0,0,1,1,0,0,0,0,0,1,0,0,0,2017,female,19
626,1,0,1,0,2,2,0,2,1,0,2,2,2,1,2,2,0,2,0,1,0,2017,female,20
627,1,1,1,1,0,0,0,0,2,0,1,0,0,1,0,0,0,1,1,0,0,2017,female,20
628,1,1,0,0,1,0,0,0,1,0,2,1,0,1,1,0,0,1,1,0,0,2017,female,19
629,0,0,0,0,2,0,1,0,0,0,0,0,2,0,1,0,0,0,2,0,0,2017,male,19
630,2,1,1,2,1,2,2,2,2,1,1,3,2,2,2,1,2,1,2,2,2,2017,female,20
631,3,1,1,2,2,1,1,3,1,1,2,3,2,1,2,2,0,2,2,1,1,2017,female,19
632,0,1,0,0,0,0,0,0,0,0,0,0,1,0,0,0,0,0,0,0,0,2017,male,19
633,2,2,0,0,0,2,1,2,2,0,0,1,1,2,0,0,0,1,0,0,0,2017,female,21
634,1,0,1,2,2,2,1,2,2,1,1,2,1,1,2,1,1,1,3,2,1,2017,male,18
635,1,2,0,0,3,2,0,0,0,0,1,1,0,0,0,0,0,2,0,0,0,2017,female,20
636,2,0,0,0,1,0,0,1,0,1,2,3,1,2,0,1,0,0,0,0,0,2017,male,19
637,0,2,0,0,0,1,0,0,0,0,0,1,0,1,1,0,0,0,0,1,0,2017,female,19
638,2,2,0,1,0,3,2,2,1,0,2,2,0,1,1,0,0,3,2,0,0,2017,female,19
639,0,3,0,1,1,3,2,3,3,3,3,0,0,3,3,3,3,3,3,3,3,2017,female,19
640,1,0,0,1,2,1,0,0,0,1,0,1,2,2,0,1,0,1,0,0,0,2017,female,20
641,2,0,1,0,2,3,0,2,1,2,3,3,0,1,2,2,0,1,0,0,0,2017,female,19
642,1,2,1,0,1,2,2,2,2,1,1,1,1,2,2,1,1,1,11,2,0,2017,female,20
643,1,0,2,0,1,2,0,1,2,1,1,1,1,1,1,1,1,1,0,0,1,2017,female,20
644,1,1,0,0,2,0,0,1,0,1,2,2,2,0,0,0,0,0,1,2,1,2017,female,22
645,1,2,0,0,1,1,0,1,1,1,1,1,1,1,0,1,0,1,0,0,0,2017,female,19
646,1,2,1,0,2,0,0,0,1,2,2,1,1,0,2,1,1,2,0,0,1,2017,female,18
647,0,0,0,0,0,1,0,1,1,1,1,0,1,0,0,0,0,0,0,0,0,2017,female,19
648,0,0,0,0,0,0,0,0,0,0,0,0,0,0,0,0,0,0,0,0,0,2017,female,18
649,2,0,0,1,2,0,1,1,1,0,2,2,1,1,0,0,1,1,2,0,0,2017,female,18
650,1,2,1,0,2,1,0,1,1,0,2,1,1,1,2,0,2,2,1,2,0,2017,female,18
651,1,0,0,1,2,1,1,0,1,1,1,1,1,0,0,0,1,1,0,0,0,2017,female,18
652,2,0,1,0,2,2,0,0,1,1,1,1,2,1,0,1,1,1,0,0,0,2017,female,18
653,0,1,0,0,1,0,0,0,1,0,1,0,1,1,0,0,1,0,0,0,0,2017,female,18
654,2,0,1,0,3,1,1,2,2,1,1,3,0,1,1,1,0,0,0,0,0,2017,female,18
655,3,2,1,1,3,3,2,3,3,1,2,3,2,3,2,2,0,2,3,3,0,2017,female,19
656,1,0,1,0,0,1,0,0,0,0,1,1,1,1,0,1,0,0,0,0,0,2017,female,19
657,0,1,2,0,3,3,2,2,3,0,3,0,1,2,2,1,3,3,1,0,2,2017,female,18
658,2,2,1,0,1,0,0,1,0,0,1,1,0,0,0,0,0,0,0,0,0,2017,female,19
659,1,2,0,0,1,0,0,0,0,0,2,2,1,0,0,1,0,1,0,0,0,2017,female,18
660,3,0,1,0,1,2,0,1,1,2,2,3,1,2,1,2,1,2,0,0,0,2017,female,19
661,2,0,0,0,0,0,0,0,0,0,0,1,0,0,0,0,0,0,0,0,0,2017,female,18
662,3,3,3,3,3,1,0,2,3,1,3,3,3,0,2,3,0,2,0,1,1,2017,female,19
663,1,1,0,0,0,0,0,0,0,0,0,0,0,0,0,0,0,0,0,0,0,2017,female,19
664,0,1,0,0,0,1,0,1,0,0,0,0,1,0,0,0,0,1,0,0,0,2017,female,18
665,2,2,1,1,1,0,0,1,1,0,0,1,0,1,0,0,0,0,0,0,0,2017,female,19
666,0,0,0,0,3,1,0,0,0,0,0,1,1,2,0,0,0,0,0,0,0,2017,female,18
667,3,2,3,1,3,3,1,1,2,3,2,3,2,0,2,2,2,3,2,3,3,2017,female,18
668,1,0,1,0,2,0,0,1,2,1,2,3,2,1,2,1,0,1,0,1,0,2017,female,18
669,1,1,1,0,2,2,1,1,2,2,1,2,2,2,2,2,1,2,2,1,1,2017,female,19
670,1,0,0,0,1,0,0,0,1,0,0,0,0,0,0,0,0,0,1,0,0,2017,female,18
671,1,0,1,1,2,1,1,0,1,0,1,0,2,1,1,2,1,1,1,0,0,2017,female,19
672,1,1,0,0,2,1,0,1,1,0,2,1,2,1,1,0,1,1,1,0,1,2017,male,20
673,2,0,0,0,1,2,0,2,1,1,2,2,1,1,1,1,1,2,1,1,0,2017,male,20
674,0,0,0,0,1,0,0,0,0,0,0,0,0,0,0,0,0,0,0,0,0,2017,N/A,20
675,2,1,1,0,1,1,1,1,0,0,2,2,1,0,0,1,0,1,0,0,0,2017,N/A,18
676,0,0,0,0,1,0,0,0,1,0,0,1,0,1,0,0,0,0,1,0,0,2017,N/A,18
677,1,1,0,0,1,0,1,1,0,0,0,1,0,0,0,0,0,0,0,0,1,2017,N/A,20
678,1,0,0,0,1,1,0,0,0,0,1,1,1,0,0,1,0,1,0,0,1,2017,N/A,19
679,1,0,0,0,1,1,0,2,1,1,1,1,0,0,0,0,0,0,0,0,0,2017,N/A,20
680,2,0,0,0,1,1,0,0,0,0,0,0,0,0,0,0,0,0,0,0,0,2017,N/A,19
681,0,0,1,1,3,2,0,2,1,1,2,0,1,0,1,1,1,2,1,1,1,2017,N/A,19
682,0,0,0,0,0,1,0,1,1,0,1,1,0,0,0,0,0,0,0,0,0,2017,N/A,19
683,0,1,0,0,0,0,0,1,1,0,1,0,1,2,0,0,0,1,0,0,0,2017,N/A,20
684,2,1,1,2,1,3,2,3,2,1,2,3,1,2,1,2,0,3,2,2,0,2017,N/A,20
685,0,0,0,0,0,0,0,0,0,0,0,0,0,0,0,0,0,0,0,0,0,2017,N/A,18
686,1,3,0,1,1,0,0,1,1,0,1,1,1,1,0,0,2,0,1,0,1,2017,N/A,18
687,1,1,0,0,1,0,1,2,1,0,1,1,1,1,1,0,0,0,1,0,0,2017,N/A,19
688,1,0,0,0,1,0,0,0,0,1,1,1,1,1,0,0,0,1,0,1,0,2017,N/A,20
689,1,1,0,0,0,0,0,0,1,0,1,1,0,0,0,0,0,1,1,1,0,2017,N/A,20
690,1,0,0,0,1,1,0,0,0,0,0,0,0,0,0,0,0,0,0,0,0,2017,N/A,19
691,2,0,3,0,3,3,0,3,3,3,3,3,2,2,3,2,1,2,0,1,1,2017,N/A,20
692,2,1,0,0,2,1,1,2,0,1,1,2,2,1,1,1,1,2,0,0,0,2017,N/A,18
693,0,0,1,0,1,0,1,1,0,1,1,1,0,1,0,0,0,0,1,0,0,2017,N/A,20
694,1,1,3,1,3,2,2,3,2,3,2,1,3,3,2,3,3,1,1,1,3,2017,N/A,19
695,1,0,0,0,2,0,0,0,1,0,1,1,0,0,0,0,0,0,1,0,0,2017,N/A,19
696,1,0,0,0,1,0,0,2,0,1,1,2,2,0,1,0,0,0,0,0,0,2017,N/A,19
697,1,0,0,0,1,1,0,0,1,0,1,1,0,0,0,0,0,1,0,0,0,2017,N/A,19
698,3,0,0,0,1,0,2,1,0,1,1,3,1,0,0,1,0,1,0,0,0,2017,N/A,19
699,1,2,1,1,0,1,1,0,0,0,1,1,0,2,0,0,0,1,1,0,0,2017,N/A,18
700,0,0,0,0,0,0,0,0,0,0,0,0,0,0,0,0,0,0,0,0,0,2017,N/A,19
701,1,0,0,0,1,1,0,1,1,0,1,1,0,2,0,0,0,1,0,0,0,2017,N/A,20
702,1,0,0,0,1,0,0,1,0,0,0,1,0,0,1,0,0,0,0,0,0,2017,N/A,20
703,1,1,0,0,1,1,0,1,1,0,0,1,0,1,0,0,0,0,0,0,0,2017,N/A,18
704,1,0,0,0,1,3,0,0,0,0,0,0,1,0,0,0,0,1,0,0,0,2017,N/A,18
705,0,1,1,1,0,3,0,0,3,1,1,0,0,2,2,2,1,1,0,0,0,2017,N/A,19
706,0,0,0,0,0,0,0,0,0,0,0,0,0,0,0,0,0,0,0,0,0,2017,N/A,19
707,0,1,1,0,2,0,0,1,3,0,2,0,1,1,0,0,0,1,1,1,0,2017,N/A,20
708,2,0,0,1,1,0,0,1,1,0,0,2,0,1,1,0,0,0,1,1,0,2017,N/A,18
709,1,0,0,0,1,0,0,0,1,0,1,1,0,0,0,0,0,0,0,0,0,2017,N/A,19
710,2,2,0,0,1,1,0,1,1,0,1,1,0,0,1,0,0,0,0,1,0,2017,N/A,20
711,1,1,0,0,1,1,0,0,0,0,1,1,1,0,0,0,0,0,0,0,0,2017,N/A,20
712,1,0,1,0,1,2,0,1,1,0,1,1,1,1,0,0,0,1,0,0,0,2017,N/A,19
713,1,0,1,0,3,1,0,0,0,1,1,1,1,1,0,2,1,1,0,1,0,2017,N/A,19
714,0,2,0,0,2,1,0,2,3,2,2,0,1,1,0,0,0,1,0,0,0,2017,N/A,18
715,0,1,0,0,1,0,0,0,0,0,1,0,1,0,0,0,0,0,0,0,0,2017,N/A,19
716,1,1,0,0,2,1,0,1,1,0,2,1,1,1,1,0,0,1,0,0,0,2017,N/A,20
717,1,0,1,0,1,1,0,1,1,1,1,1,1,1,1,1,1,1,0,2,1,2017,N/A,21
718,1,0,0,0,1,0,0,0,0,0,0,1,0,2,0,0,0,0,0,0,0,2017,N/A,18
719,0,0,0,0,1,1,0,0,0,2,0,0,1,0,0,0,0,0,0,0,0,2017,N/A,19
720,3,0,2,0,2,1,0,2,1,1,1,2,2,1,2,2,2,3,1,2,2,2017,N/A,20
721,0,0,1,1,1,1,1,2,2,2,1,2,2,1,1,1,1,1,2,1,0,2017,N/A,19
722,1,0,0,0,1,0,0,0,0,0,1,0,2,1,0,0,0,0,0,0,0,2017,N/A,18
723,0,0,0,0,1,0,0,0,0,1,1,0,1,0,0,0,0,1,0,0,0,2017,N/A,19
724,0,1,0,0,0,2,0,0,0,0,0,0,0,0,0,0,0,0,0,0,0,2017,N/A,20
725,2,0,1,1,1,0,1,2,0,0,2,3,1,1,2,1,1,2,3,2,0,2017,N/A,19
726,0,0,1,0,2,1,0,0,0,1,1,0,1,0,0,1,0,0,0,0,1,2017,N/A,18
727,0,0,0,0,0,0,0,0,0,0,0,0,0,0,0,0,0,0,0,0,0,2017,N/A,21
728,2,1,1,0,1,1,0,1,0,0,1,1,2,0,2,0,0,0,3,1,0,2017,N/A,21
729,0,0,0,0,0,0,0,0,0,0,0,0,0,0,0,0,0,0,0,0,0,2017,N/A,20
730,3,2,1,0,1,2,0,3,3,1,2,3,2,0,3,2,1,2,0,1,1,2017,N/A,20
731,1,1,0,0,1,0,0,0,1,0,0,0,0,0,0,0,0,0,0,0,0,2017,N/A,19
732,1,1,0,0,1,1,1,0,1,0,1,1,0,0,1,0,0,0,0,0,0,2017,N/A,19
733,2,0,0,1,1,1,0,0,0,0,0,1,1,0,0,1,0,0,0,0,0,2017,N/A,19
734,3,0,0,0,1,1,0,1,1,0,1,3,2,0,0,1,2,2,0,0,0,2017,N/A,19
735,1,0,0,0,1,1,0,1,1,1,1,1,1,0,0,1,0,1,1,0,0,2017,N/A,18
736,0,1,1,0,1,1,0,1,0,0,1,0,1,1,1,0,1,1,0,0,0,2017,N/A,19
737,0,0,0,0,0,0,0,0,1,0,0,0,0,1,0,0,0,0,0,0,0,2017,N/A,20
738,2,1,1,0,3,2,1,1,0,0,1,2,2,1,1,1,2,3,1,0,0,2017,N/A,20
739,1,0,0,0,0,1,0,1,1,1,1,1,0,0,1,1,1,0,0,2,1,2017,N/A,19
740,0,0,0,0,0,0,0,0,0,0,0,0,0,0,0,0,0,0,0,0,0,2017,N/A,19
741,1,3,0,0,2,0,0,2,1,1,0,1,1,1,0,1,0,0,2,0,0,2017,N/A,19
742,0,0,0,0,0,0,0,0,0,0,0,0,1,0,1,0,0,0,0,0,0,2017,N/A,19
743,1,0,1,0,1,1,0,0,0,0,1,1,1,2,1,0,1,0,0,0,1,2017,N/A,22
744,1,0,0,1,2,0,0,2,3,2,1,1,1,2,0,1,1,0,2,0,0,2017,N/A,19
745,2,2,0,0,1,2,0,1,2,1,2,1,1,2,2,0,0,2,0,1,0,2017,N/A,21
746,0,0,0,0,0,0,0,0,0,0,1,0,0,0,0,0,0,0,0,0,0,2017,N/A,19
747,3,2,1,0,1,3,1,2,0,0,2,3,1,0,3,1,1,2,0,3,1,2017,N/A,21
748,2,0,0,0,3,1,0,0,1,0,2,2,0,1,1,0,0,2,0,0,0,2017,N/A,18
749,3,0,0,1,2,0,1,2,0,0,1,3,1,1,1,0,1,1,1,2,0,2017,N/A,19
750,0,0,0,0,0,0,0,1,1,0,0,1,0,1,0,0,0,1,0,1,0,2017,N/A,19
751,3,0,1,0,0,0,1,1,1,2,2,3,1,0,2,0,0,1,1,1,0,2017,N/A,19
752,2,0,1,0,2,0,0,1,1,0,1,1,1,0,0,0,0,1,0,0,0,2017,N/A,19
753,1,0,0,0,1,0,1,1,0,1,1,1,2,0,0,1,2,1,1,0,2,2017,N/A,19
754,1,0,1,0,1,2,0,0,0,0,2,1,1,1,0,1,1,2,0,0,0,2017,N/A,19
755,0,0,0,0,1,1,0,0,0,0,1,0,1,0,0,0,0,1,0,1,0,2017,N/A,18
756,1,0,0,0,0,1,0,0,1,0,1,1,0,3,0,0,1,1,0,0,0,2017,N/A,19
757,3,0,3,0,3,0,0,0,3,0,3,3,3,3,3,0,3,3,3,3,0,2017,N/A,19
758,1,0,1,0,1,2,1,1,2,1,2,3,1,1,1,1,2,1,2,0,0,2017,N/A,19
759,2,0,0,0,0,2,1,0,1,0,1,1,0,2,0,0,0,2,1,0,0,2017,N/A,19
760,1,0,0,0,2,0,1,0,0,1,0,0,0,0,0,0,0,2,0,0,0,2017,N/A,18
761,2,1,2,3,2,1,2,2,2,1,2,2,1,1,2,1,0,1,2,0,0,2017,N/A,19
762,1,1,1,0,2,1,1,1,1,1,0,0,1,1,0,1,1,0,0,0,1,2017,N/A,19
